{
    "RPT": {
        "ScanTime": "0.55 sec.",
        "ScanFile": "20220821_chainfiles_f46843c7d05740b22754_20220821022646_scan.json",
        "Warnings": 0,
        "Success": 6
    },
    "SRV": {
        "PHP": {
            "websrv": true,
            "openbase": true,
            "maxtime": true,
            "mysqli": true,
            "version": true
        },
        "SYS": {
            "managedHost": true,
            "ALL": "Good"
        },
        "WP": {
            "version": true,
            "core": true,
            "ismu": false,
            "ALL": "Good"
        }
    },
    "ARC": {
        "Size": "0B",
        "DirCount": "0",
        "FileCount": "0",
        "FullCount": "0",
        "WarnFileCount": 0,
        "WarnDirCount": 0,
        "UnreadableDirCount": 0,
        "UnreadableFileCount": 0,
        "FilterDirsAll": [
            "C:\/laragon\/www\/chainfilescf\/.opcache",
            "C:\/laragon\/www\/chainfilescf\/wp-content\/ai1wm-backups",
            "C:\/laragon\/www\/chainfilescf\/wp-content\/backups-dup-lite",
            "C:\/laragon\/www\/chainfilescf\/wp-content\/backups-dup-pro",
            "C:\/laragon\/www\/chainfilescf\/wp-content\/backupwordpress",
            "C:\/laragon\/www\/chainfilescf\/wp-content\/bps-backup",
            "C:\/laragon\/www\/chainfilescf\/wp-content\/cache",
            "C:\/laragon\/www\/chainfilescf\/wp-content\/content\/cache",
            "C:\/laragon\/www\/chainfilescf\/wp-content\/contents\/cache",
            "C:\/laragon\/www\/chainfilescf\/wp-content\/infinitewp\/backups",
            "C:\/laragon\/www\/chainfilescf\/wp-content\/managewp\/backups",
            "C:\/laragon\/www\/chainfilescf\/wp-content\/old-cache",
            "C:\/laragon\/www\/chainfilescf\/wp-content\/plugins\/all-in-one-wp-migration\/storage",
            "C:\/laragon\/www\/chainfilescf\/wp-content\/updraft",
            "C:\/laragon\/www\/chainfilescf\/wp-content\/uploads\/aiowps_backups",
            "C:\/laragon\/www\/chainfilescf\/wp-content\/uploads\/backupbuddy_backups",
            "C:\/laragon\/www\/chainfilescf\/wp-content\/uploads\/backupbuddy_temp",
            "C:\/laragon\/www\/chainfilescf\/wp-content\/uploads\/ithemes-security\/backups",
            "C:\/laragon\/www\/chainfilescf\/wp-content\/uploads\/mainwp\/backup",
            "C:\/laragon\/www\/chainfilescf\/wp-content\/uploads\/pb_backupbuddy",
            "C:\/laragon\/www\/chainfilescf\/wp-content\/uploads\/snapshots",
            "C:\/laragon\/www\/chainfilescf\/wp-content\/uploads\/sucuri",
            "C:\/laragon\/www\/chainfilescf\/wp-content\/uploads\/wp-clone",
            "C:\/laragon\/www\/chainfilescf\/wp-content\/uploads\/wp_all_backup",
            "C:\/laragon\/www\/chainfilescf\/wp-content\/uploads\/wpbackitup_backups",
            "C:\/laragon\/www\/chainfilescf\/wp-content\/wfcache",
            "C:\/laragon\/www\/chainfilescf\/wp-content\/wishlist-backup",
            "C:\/laragon\/www\/chainfilescf\/wp-snapshots"
        ],
        "FilterFilesAll": [
            "C:\/laragon\/www\/chainfilescf\/wp-content\/debug.log",
            "error_log",
            "error.log",
            "debug_log",
            "ws_ftp.log",
            "dbcache",
            "pgcache",
            "objectcache",
            ".DS_Store",
            "C:\/laragon\/www\/chainfilescf\/.htaccess",
            "C:\/laragon\/www\/chainfilescf\/web.config",
            "C:\/laragon\/www\/chainfilescf\/wp-config.php"
        ],
        "FilterExtsAll": [],
        "FilterInfo": {
            "Dirs": {
                "Warning": [],
                "Unreadable": [],
                "AddonSites": [],
                "Core": [
                    "C:\/laragon\/www\/chainfilescf\/wp-snapshots",
                    "C:\/laragon\/www\/chainfilescf\/wp-content\/backups-dup-lite",
                    "C:\/laragon\/www\/chainfilescf\/.opcache",
                    "C:\/laragon\/www\/chainfilescf\/wp-content\/backups-dup-pro",
                    "C:\/laragon\/www\/chainfilescf\/wp-content\/ai1wm-backups",
                    "C:\/laragon\/www\/chainfilescf\/wp-content\/backupwordpress",
                    "C:\/laragon\/www\/chainfilescf\/wp-content\/content\/cache",
                    "C:\/laragon\/www\/chainfilescf\/wp-content\/contents\/cache",
                    "C:\/laragon\/www\/chainfilescf\/wp-content\/infinitewp\/backups",
                    "C:\/laragon\/www\/chainfilescf\/wp-content\/managewp\/backups",
                    "C:\/laragon\/www\/chainfilescf\/wp-content\/old-cache",
                    "C:\/laragon\/www\/chainfilescf\/wp-content\/plugins\/all-in-one-wp-migration\/storage",
                    "C:\/laragon\/www\/chainfilescf\/wp-content\/updraft",
                    "C:\/laragon\/www\/chainfilescf\/wp-content\/wishlist-backup",
                    "C:\/laragon\/www\/chainfilescf\/wp-content\/wfcache",
                    "C:\/laragon\/www\/chainfilescf\/wp-content\/bps-backup",
                    "C:\/laragon\/www\/chainfilescf\/wp-content\/cache",
                    "C:\/laragon\/www\/chainfilescf\/wp-content\/uploads\/aiowps_backups",
                    "C:\/laragon\/www\/chainfilescf\/wp-content\/uploads\/backupbuddy_temp",
                    "C:\/laragon\/www\/chainfilescf\/wp-content\/uploads\/backupbuddy_backups",
                    "C:\/laragon\/www\/chainfilescf\/wp-content\/uploads\/ithemes-security\/backups",
                    "C:\/laragon\/www\/chainfilescf\/wp-content\/uploads\/mainwp\/backup",
                    "C:\/laragon\/www\/chainfilescf\/wp-content\/uploads\/pb_backupbuddy",
                    "C:\/laragon\/www\/chainfilescf\/wp-content\/uploads\/snapshots",
                    "C:\/laragon\/www\/chainfilescf\/wp-content\/uploads\/sucuri",
                    "C:\/laragon\/www\/chainfilescf\/wp-content\/uploads\/wp-clone",
                    "C:\/laragon\/www\/chainfilescf\/wp-content\/uploads\/wp_all_backup",
                    "C:\/laragon\/www\/chainfilescf\/wp-content\/uploads\/wpbackitup_backups"
                ],
                "Global": [],
                "Instance": []
            },
            "Files": {
                "Size": [],
                "Warning": [],
                "Unreadable": [],
                "AddonSites": [],
                "Core": [],
                "Global": [
                    "error_log",
                    "error.log",
                    "debug_log",
                    "ws_ftp.log",
                    "dbcache",
                    "pgcache",
                    "objectcache",
                    ".DS_Store"
                ],
                "Instance": [
                    "C:\/laragon\/www\/chainfilescf\/wp-content\/debug.log"
                ]
            },
            "Exts": {
                "Core": [],
                "Global": [],
                "Instance": []
            },
            "UDirCount": 0,
            "UFileCount": 0,
            "UExtCount": 0,
            "TreeSize": [],
            "TreeWarning": []
        },
        "RecursiveLinks": [],
        "UnreadableItems": [],
        "Status": {
            "Size": "Good",
            "Names": "Good",
            "UnreadableItems": "Good",
            "MigratePackage": "Good",
            "CanbeMigratePackage": true,
            "showCreateProcFuncStatus": "Good",
            "showCreateProcFunc": true,
            "AddonSites": "Good"
        },
        "Dirs": [],
        "Files": []
    },
    "DB": {
        "Status": {
            "Success": true,
            "DB_Case": "Good",
            "DB_Rows": "Good",
            "DB_Size": "Good",
            "TBL_Case": "Good",
            "TBL_Rows": "Good",
            "TBL_Size": "Good",
            "Triggers": "Good"
        },
        "Size": "13.27MB",
        "Rows": "9,751",
        "TableCount": 52,
        "TableList": {
            "et_actionscheduler_actions": {
                "Case": 0,
                "Rows": "4",
                "Size": "20.29KB",
                "USize": 20772
            },
            "et_actionscheduler_claims": {
                "Case": 0,
                "Rows": "0",
                "Size": "1KB",
                "USize": 1024
            },
            "et_actionscheduler_groups": {
                "Case": 0,
                "Rows": "2",
                "Size": "9.06KB",
                "USize": 9276
            },
            "et_actionscheduler_logs": {
                "Case": 0,
                "Rows": "10",
                "Size": "4.49KB",
                "USize": 4600
            },
            "et_awpcp_ad_regions": {
                "Case": 0,
                "Rows": "0",
                "Size": "2KB",
                "USize": 2048
            },
            "et_awpcp_adfees": {
                "Case": 0,
                "Rows": "1",
                "Size": "2.05KB",
                "USize": 2096
            },
            "et_awpcp_admeta": {
                "Case": 0,
                "Rows": "0",
                "Size": "1KB",
                "USize": 1024
            },
            "et_awpcp_credit_plans": {
                "Case": 0,
                "Rows": "0",
                "Size": "1KB",
                "USize": 1024
            },
            "et_awpcp_payments": {
                "Case": 0,
                "Rows": "0",
                "Size": "2KB",
                "USize": 2048
            },
            "et_awpcp_tasks": {
                "Case": 0,
                "Rows": "0",
                "Size": "1KB",
                "USize": 1024
            },
            "et_commentmeta": {
                "Case": 0,
                "Rows": "0",
                "Size": "4KB",
                "USize": 4096
            },
            "et_comments": {
                "Case": 0,
                "Rows": "1",
                "Size": "7.32KB",
                "USize": 7492
            },
            "et_duplicator_packages": {
                "Case": 0,
                "Rows": "0",
                "Size": "9.89KB",
                "USize": 10124
            },
            "et_e_events": {
                "Case": 0,
                "Rows": "0",
                "Size": "32KB",
                "USize": 32768
            },
            "et_ethpress_addresses": {
                "Case": 0,
                "Rows": "2",
                "Size": "48KB",
                "USize": 49152
            },
            "et_links": {
                "Case": 0,
                "Rows": "0",
                "Size": "1KB",
                "USize": 1024
            },
            "et_loginizer_logs": {
                "Case": 0,
                "Rows": "0",
                "Size": "4KB",
                "USize": 4096
            },
            "et_options": {
                "Case": 0,
                "Rows": "450",
                "Size": "1.84MB",
                "USize": 1928736
            },
            "et_postmeta": {
                "Case": 0,
                "Rows": "5,903",
                "Size": "5.81MB",
                "USize": 6095748
            },
            "et_posts": {
                "Case": 0,
                "Rows": "1,700",
                "Size": "3.99MB",
                "USize": 4187080
            },
            "et_rtcl_sessions": {
                "Case": 0,
                "Rows": "1",
                "Size": "3.05KB",
                "USize": 3128
            },
            "et_social_users": {
                "Case": 0,
                "Rows": "0",
                "Size": "48KB",
                "USize": 49152
            },
            "et_term_relationships": {
                "Case": 0,
                "Rows": "121",
                "Size": "10.48KB",
                "USize": 10733
            },
            "et_term_taxonomy": {
                "Case": 0,
                "Rows": "14",
                "Size": "4.56KB",
                "USize": 4668
            },
            "et_termmeta": {
                "Case": 0,
                "Rows": "3",
                "Size": "10.09KB",
                "USize": 10336
            },
            "et_terms": {
                "Case": 0,
                "Rows": "14",
                "Size": "13.54KB",
                "USize": 13860
            },
            "et_usermeta": {
                "Case": 0,
                "Rows": "162",
                "Size": "28.31KB",
                "USize": 28988
            },
            "et_users": {
                "Case": 0,
                "Rows": "8",
                "Size": "9.07KB",
                "USize": 9292
            },
            "et_wfblockediplog": {
                "Case": 0,
                "Rows": "0",
                "Size": "1KB",
                "USize": 1024
            },
            "et_wfblocks7": {
                "Case": 0,
                "Rows": "0",
                "Size": "1KB",
                "USize": 1024
            },
            "et_wfconfig": {
                "Case": 0,
                "Rows": "259",
                "Size": "1.14MB",
                "USize": 1200416
            },
            "et_wfcrawlers": {
                "Case": 0,
                "Rows": "0",
                "Size": "1KB",
                "USize": 1024
            },
            "et_wffilechanges": {
                "Case": 0,
                "Rows": "0",
                "Size": "1KB",
                "USize": 1024
            },
            "et_wffilemods": {
                "Case": 0,
                "Rows": "0",
                "Size": "1KB",
                "USize": 1024
            },
            "et_wfhits": {
                "Case": 0,
                "Rows": "1",
                "Size": "5.32KB",
                "USize": 5444
            },
            "et_wfhoover": {
                "Case": 0,
                "Rows": "0",
                "Size": "1KB",
                "USize": 1024
            },
            "et_wfissues": {
                "Case": 0,
                "Rows": "1",
                "Size": "6.76KB",
                "USize": 6924
            },
            "et_wfknownfilelist": {
                "Case": 0,
                "Rows": "0",
                "Size": "1KB",
                "USize": 1024
            },
            "et_wflivetraffichuman": {
                "Case": 0,
                "Rows": "0",
                "Size": "1KB",
                "USize": 1024
            },
            "et_wflocs": {
                "Case": 0,
                "Rows": "1",
                "Size": "2.03KB",
                "USize": 2080
            },
            "et_wflogins": {
                "Case": 0,
                "Rows": "81",
                "Size": "18.5KB",
                "USize": 18940
            },
            "et_wfls_2fa_secrets": {
                "Case": 0,
                "Rows": "0",
                "Size": "32KB",
                "USize": 32768
            },
            "et_wfls_settings": {
                "Case": 0,
                "Rows": "21",
                "Size": "16KB",
                "USize": 16384
            },
            "et_wfnotifications": {
                "Case": 0,
                "Rows": "10",
                "Size": "4.53KB",
                "USize": 4640
            },
            "et_wfpendingissues": {
                "Case": 0,
                "Rows": "0",
                "Size": "1KB",
                "USize": 1024
            },
            "et_wfreversecache": {
                "Case": 0,
                "Rows": "1",
                "Size": "2.04KB",
                "USize": 2088
            },
            "et_wfsnipcache": {
                "Case": 0,
                "Rows": "0",
                "Size": "1KB",
                "USize": 1024
            },
            "et_wfstatus": {
                "Case": 0,
                "Rows": "975",
                "Size": "115.66KB",
                "USize": 118440
            },
            "et_wftrafficrates": {
                "Case": 0,
                "Rows": "0",
                "Size": "1KB",
                "USize": 1024
            },
            "et_wpforms_tasks_meta": {
                "Case": 0,
                "Rows": "5",
                "Size": "2.34KB",
                "USize": 2392
            },
            "et_wpvivid_scan_result": {
                "Case": 0,
                "Rows": "0",
                "Size": "1KB",
                "USize": 1024
            },
            "et_wpvivid_unused_uploads_files": {
                "Case": 0,
                "Rows": "0",
                "Size": "1KB",
                "USize": 1024
            }
        },
        "RawSize": 13919237
    },
    "LL": {
        "TotalSize": "13.27MB",
        "Status": {
            "TotalSize": "Good"
        }
    }
}